codigo_proveedor,nombre
+FAR,FARMA DELIVERY
0000,NO ESPECIFICA
0001,PHARMACHECK
0002, ALEJANDRA LIENDO CHICATA
0003,SESDERMA PERU S.A.C.
0004,IMPORTACIONES VIZCARRA SRL
0005,M PHARMA
0006,BOTICA AQP PHARMA SRL
0007,DISTRIBUIDORA PHRYMA
0008,IMPORTACIONES LIENDO EIRL
0009,FOUR CV DISTRIB Y COMERC. SAC
001,DISTRIBUIDORA ALPHANOVA
0010,CORPORACION RENASE
0011,UNIPHARM SAC
0012,CLEAN B
0015,RICARDOOLABE EIRL
0016,CAMACHO ARCE BRUNO EMILIO
0018,CORPORACION BOTICAS PERU SAC
0023,COMERCIAL ALEJANDRITO
0024,LATINEX IMPORT EXPORT SAC
0025,CALIMEDIC EIRL
0026,FARMACIA CRUZ MILAGROSA
003,GOMED PHARMACEUTICALS S.A.C.
0032,FARMACIA CA-VAL
0033,DISTRIBUIDORA LA PAZ
0034,DISTRIBUIDORA SURATI SAC
0035,SPIRULINA LE BOUR
0039,FARMACIA FASURPERU
0041,GP PHARM SA
0045,PHARMANDES EIRL
0048,DROGUERIA J&M SRL
0052,NEOSALUD S.A.C.
0053,BIOTOSCANA FARMA DE PERU S.A.C.
0056,BOTICA SANTA RAFAELA
0058,D´REYNAS
0069,BOTICA ALIVIO
0089,LKM PERU SA
0095,BELIA
0099,CMS DEL SUR
010,LITO ANTONIO OLIVAR
0100,EUROLABS PERU SAC
0101,FARMACHAL SAC
0102,PROPIEL E.I.R.L.
0103,ADASUR DENT
0104,MARG PERU S.A.C.
0106,SADISAC
0109,STEVIA CORONEL SAC
011,INDUSTRIA GALLETERA MI ABUELA
0112,DISTRIBUIDORA ROBENY
0121,TERBONOVA
0126,MADRID PAZ ROSMERY
0129,BOTICA 28 DE JULIO
013,FARMACIA AREQUIPA E.I.R.L.
0139,VICTORIA MEDICAL S.A.C.
0147,HOSPITAL HONORIO DELGADO
0148,MARIA A. ROSADO JIMENEZ E.I.R.L.
015,BEASANRO EIRL
0156,CORPORACION PHARMA SOLUTIONS PERU S.A.C.
0159,LABORATORIO CRESPAL
0162,INVERSIONES L.E.K. S.A.C.
0169,RUWJAN FARMACEUTICA S.A.C.
019,DISTRIBUIDORA DROGUERIA PHRYMA S.A.C.
0198,VANTTIVE S.A.C.
020,MULTIDEPORTES AREQUIPA SRL
022,DIGASA P&J SERVICIOS Y DISTRIBUCIONES
0253,PHARMAGEN
030,LABORATORIO GERARDO M SAC
033,ESCALANTE CARDENAS SAMIRA
040,EMPRESA COMERCIALIZADORA DE BEBIDAS S.A.
041,SYS COSMETICA LAB
047,RINOFACE
049,COMERCIAL ORION
050,DIABETES Y SALUD PERU SRL
051,PHARMARIS PERU SAC
052,CORPORACION ANVAMA SRL
054,DISTRIBUIDORA LA PAZ
0600,SKIN-PR
090,VALEANT
100,KEYFARM
105,PHARMACHAL SAC
112,GESGO S.A.C.
122,PHARMAX SAC
21 C,21ST CENTURY
24HO,FARMACIA 24 HORAS
3GIM,3G IMPORTACIONES E.I.R.L.
3M,"3M,."
3SM,CORPORACIÓN 3 SM S.R.L.
4711,4711
4LIF,4LIFE RESEARCH PERU SRL
5M,5M DISTRIBUCIONES
ABAS,BOTICA ABASMED SOCIEDAD ANONIMA CERRADA
ABBO,.
ABC,AREQUIPA BABY CENTER S.A
ABFD,ABF DISTRIBUCIONES GENERALES
ABUE,LA ABUELA E.I.R.L GALLETAS
ACG,.
ACON,A. CONSTELLATION E.I.R.L.
ADAS,DROGUERIA ADASUR DENT IMPORTACIONES EIRL
ADIB,ADIBA S.A. DISTRIBUIDORA
AFAR,ALFAR
AFFO,AFFORD E.I.R.L
AGOS,AGOSTINI E.I.R.L.
AL,.
ALBI,DISTRIBUIDORA ALBIS S.A.
ALFA,ALFA
ALIA,DISTRIBUIDORA ALIADAS S.A.
ALIG,ALIGOL S.R.L.
ALOK,ALFONSO OKEDA YOSHIKA
ALPA,ALPAMAYO REPRESENTACIONES S.A
ALTI,ALTIPLANO
AMER,FARMACIA AMERICANA S.R.LTDA
ANA,FCIA.SOR ANA DE LOS ANGELES
ANDA,MERCANTIL ANDALY
ANDI,LS.ANDINA S.A
ANDN,ANDES NUTRITION S.A.C.
ANDR,ANDREA PERU E.I.RL.
ANGI,DISTRIBUCIONES ANGGIE EIRL.
ANGY,ANGYMARC ASOCIADOS
APDI,APDIS  DISTRIBUCIONES E.I.R.L
APPD,APPDERMA S.A.C.
AQP,DISTRIBUCIONES AQP
AQPE,PROVEEDORES DE JUGUETERIA AQPE
ARAC,CERAMICA DECORATIVA ARACELI
ARCA,BOTICAS ARCANGEL
ARES,ARES DISTRIBUCIONES S.R.L
ARIE,ARIESA DISTRIBUCIONES EIRL
ARIM,ARIMPORT E.I.R.L
ARNA,ARNAU
ATES,ATESA S.A.
AUST,DISTRB.IMP.Y EXP.AUSTRAL SRL
AVEL,DISTRIBUIDORA LA AVELLANA SCRL
AVLA,AVANLAB PERU S.A.C.
B&S,BOTICAS Y SALUD S.A.C.
BABY,BABY JEAN
BAMB,BAMBINO INTERNACIONAL S.A
BARA,LA BARATURA S.A
BARS,BARSAND INTERNATIONAL S.A.C.
BASA,BAKELITA Y ANEXOS S.A
BAYE,BAYER HEALTH CARE
BDAC,BOTICAS DANIEL ALCIDES CARRION E.I.R.L.
BELA,BELAFARMA PERU S.A.C
BELE,JUGUETERIA Y BELENES
BELI,BELIA TRADING PERU SAC
BELL,BELLSOUTH S.A
BET,CANAZA CCAMA WILBER RENEE
BIAB,BIABIC EXPORT.E IMPORTACIONES
BIAE,TOP IMPORT S.R. LTDA.
BILE,BISLE E.I.R.LTDA.IMPORTACIONES
BIMB,BIMBO PRODUCTOS
BIOC,BIOCHEMICALS E.I.R.L.
BIOD,BIODERMA
BIOF,BIOFARMA S.A DISTRIBUIDORA
BION,BIONAVAC S.A.C.
BIOQ,BIOPLIX BIOQUIMICA APLICADA
BIOT,BIO TIENDAS NATURALES
BIOV,BIOLOGICOS Y VACUNAS S.A.C
BLAC,BLAC
BLES,BLESSKIN MEDILABS SA
BLUE,BLUE CR TRADING SOCIEDAD ANONIMA CERRADA
BMS,SANCA QUISPE NOEMY MARIA
BO G,BOTICA GARCIA E.I.R.L.
BOAL,BOTICA ALEMANA
BONE,INVERSIONES & NEGOCIOS BONED E.I.R.L.
BOT,BOTICAS IP S.A.C
BOTC,BOTICA DEL PUEBLO
BOTH,BOTICA HORIZONTE
BOTI,BOTICA 24 HORAS
BOUT,BOUTIQUE CELULAR
BPRO,SERVICIOS DE MEDICINA ORTOMOLECULAR E IN
BTL,BOTICAS TORRES DE LIMATAMBO
BULL,CORPORACION BULL POWER
BURS,BOTICA SANTA URSULA
BYIM,BUSINESS YI MIN E.I.R.L.
C&C,PRODUCTS COVER & COMFORT AQP
CA¥A,FARMACIA SE¥OR DE LA CA¥A
CALI,J.CALIENS E.I.R. LTDA.
CAR,CAR MART SAC
CARI,CARITAS DIOCESANA DE AREQUIPA
CARV,CARVAJAL S.A
CASB,CASBELL
CAST,EMILIO CASTRO PORTARO
CAY,CAYANI GUILLEN YENNY AZENEHT
CCO,CCOSI JOAQUIN SARAI PERSIDA
CELI,CELIMSA
CELL,CELL STAR DEL PERU S.A.
CENC,CENCOSUD RETAIL PERU SA
CENI,CENI
CENT,CENTRAL
CERR,CERRITOS
CIAR,CONSORCIO ANDINO S.A
CIEN,CIEN DISTRIBUIDORA SAC
CIEZ,AUGUSTO
CILG,CILGAL
CIRU,CIRUGIA PERUANA
CLAR,MGP COMUNICACIONES EIRL
CLIN,CLINICA AREQUIPA SA
CLIS,CLINICA SAN JUAN DE DIOS
CLSP,CORPORACION LOURDES Y SAO PAULO EIRL
CLVA,CLINICA VALLESUR
CMS,CMS DEL SUR S.A.C.
COAR,CORPORACION ARION SOCIEDAD ANONIMA CERRA
COBO,CORPORACION BOTICAS PERU S.A.C.
COEM,CORPORACION EMANUEL MEDIC S.A.C.
COFA,CONSORCIO FARMACEUTICO
COFS,CONSORCIO HBO S.A.C.
COHE,COHELSA COMERCIALIZ.DE HELADO
COLM,COLEGIO MEDICO DEL PERU
COME,COMERSUR DISTRIBUIDORA
CONC,CONCEPTO.COM S.A.C.
CONP,CONCEPTO PIEL E.I.R.L.
CONT,DISTRIBUIDORA CONTINENTAL S.A.
COOP,LA COOPER
COQF,CORPORACION Q.F. S.A.C.
CORD,CORDIRESA SA
CORO,CORONA
CORP,CORPORACION FARMACOLOGICA
COSM,BOTICA COSMOS S.A.
COVE,COVER & CIA S.A.C.
CREP,CREPIER CLASS COMPLEMENTS SRL
CUEV,DROGUERIA CUEVA HNOS S.A.
CUGL,DROG  CUGLIEVAN BARRANCA S.A.
CYNK,CYNKAT
CHAR,CHARMER KIT S.A
CHEM,CHEMINOVA PERU S.A
CHIL,CHILDREN'S IMPORT S.A
CHIN,CHIN-WA
CHIQ,CHIQUITO MODA INFANTIL
CHUP,CHUPETIN
CHUS,CHUSCHUCO AGUA MINERAL
DAIL,DAILIN IMPORT S.R.LTDA.
DALF,DISTRIBUIDORA DROGUERIA ALFARO S.A.C.
DASU,DASUR S.C.R.L DISTRIBUIDORA
DBI,DROGUERIA BIENESTAR INTEGRAL
DCIM,D & C IMPORTACIONES PERU E.I.R.L.
DCOS,DISTRIBUIDORA DE COSMETICOS SA
DEAL,DEAL DISTRIBUCIONES E.I.R.L.
DECA,DECATEL EMPRESA TELEFONICA
DECO,DECO S.A.- REPRESENTACIONES
DELQ,DELTA QUIMICA S.R.L.
DENS,DENTHI SHOP S.A.C.
DENT,LABORATORIOS DENTAID PERU S.A.C.
DERT,DERMOTIENDA SHOPPING S.A.C
DFRI,DFRIO DISTRIBUCIONES S.A.C.
DIBO,DIBOSUR E.I.R.L.
DICA,DROGUERIA Y DISTRIBUCIONES DICAR S.A.C.
DICM,DISTRIBUIDORES DICMA S.A.
DICO,DICOPER S.A
DIFA,DIFARMA DISTRIBUCIONES
DIFE,DIFESA S.A.
DILA,DILASA S.A.
DIME,DIMEXA S.A.
DIPR,DIPROSA DISTRIB.PRODUCT.ESPEC.
DISB,DISTRIBUIDORA BENAVENTE
DISC,DISTRIBUCION Y COMERCIOS.S.A
DISF,DISFAVIL DISTRIBUIDORA
DISI,DIMESI S.A
DISK,DISKORE S.A.C.
DISM,DISMASUR DISTRIBUIDORA S.C.R.L
DISP,DISPOLAB FARMACEUTICA PERU S.A.
DISR,DISPRONA
DISV,DISANVA E.I.R.L.
DIVE,DISTRIBUIDORA VEGA E.I.R.L
DJ,DISTRIB JANDY
DMED,DROG.Y DIST. MEDICA.E.I.R.L
DNTS,DENTALISTORE YM E.I.R.L.
DOIT,DOIT
DONO,DONOFRIO
D'PR,D'PRIMERA DISTRIBUCIONES
DPRO,DIST PHRYMA SAC
DREA,ANDREA DISTRIBUCIONES
DREY,DREYSA DROGUERIA
DROK,DROKASA
DROL,DROLAGA
DROM,DROGUERIAS DEL MUNDO
DSUN,DROGUERIA SUNDOWN S.R.L.
DVEL,DIVELCO SCRL
EBEL,EBEL
ECKE,ECKERD PERU SA
ECON,ECONOMAX
ELKA,ELKAS IMPORTACIONES E.I.R.L.
ELVE,ELVETIUM PERU S.A.
EMM,BOTICAS EMMEL E.I.R.L.
ESC,ESCARZA DISTRIBUCIONES EIRL
ESPH,ESPHARM
ESS,ESSENCIAL BEAUTY E.I.R.L.
ESTR,PERFUMERIA LA ESTRELLA
EUME,EUROMEDIC
EURD,EURODERMA DROGUERIA S.A.C. - EURODERMA
EURO,LABORATORIO EUROPHARM S.R.L.
EXAC,EXACTA LAB S.A.C.
EXP,EXPRESS 54 S.A.C.
FA,FAA
FAEX,FARMEXPRESS S.A.C.
FAGO,FARMAGOLD S.A
FAMA,FARMILIA GRUPO FARMACEUTICO
FAPI,FAPIET E.I.R.L.
FAR,FARMUR
FARA,FARAOM E.I.R.LTDA
FARB,BOTICA LOS CEDROS S.A.C.
FARC,DROGUERIA FARMACARE SOCIEDAD ANONIMA CER
FARM,FARMINDUSTRIA S.A.
FARQ,FARMAQUIMIKA EMPRESA INDIVIDUAL DE RESPO
FAS,FARMACIA ANGEL DE LA SALUD
FASA,BOTICAS FASA
FASU,FARMACEUTICA DEL SUR S.R.L.
FCGA,FIGUEROA CHOQUE GISELA ALEXANDRA
F-DE,FARMINDUSTRIA DERMATOLOGIA
FER1,FERCO IMPORT EXPORT S.A
FERC,FERCO IMPORT EXPORT S.A
FERP,DISTRIBUIDORA FERPESA
FEST,FESTIVAL DISTRIB. S.C.R.L.
FHAR,FHARTON SOCIEDAD ANÓNIMA CERRADA
FIE,FIELD
FIOG,GAMARRA SANCHEZ MARCO ANTONIO
FIOR,FIORI COMPA¥IA INDUSTRIAL S.A
FLAS,FLASH DISTRIBUCIONES S.A
FORE,FOREVER LIVING PRODUCTS PERU
FPAZ,FARMACIA LA PAZ
FRAC,AUTOSERVICIO FRANCO
FRAN,LIBRERIA SAN FRANCISCO
FRAT,FRATELLO JL E.I.R.L.
FRED,DISTRIBUIDORA FREDDY
FSOL,FARMACIA EL SOL
FSUR,FARMACIA DEL SUR
G&A,COMUNICATION CENTER E.I.R.L.
G&G,GYG DISTRIBUIDORA
G.B,G.B.INTERNATIONAL
GAMA,FARMACIA GAMA S.R.L.
GAME,DISTRIBUCIONES GAMERO
GEIM,GERMAN IMPORT
GENE,GENERAL
GEOR,DISTRIB.DE GOLOSINAS PERUANAS
GERR,GERRY
GIBS,ENRIQUE GIBSON LTDA.S.A
GIMA,GIMA E.I.R.L. EXPORT-IMPORT
GLAX,GLAXO SMITHKLINE
GLEN,GLENMARK
GLOB,SOLUCIONES GLOBALES MEDICAS EMPRESA INDI
GNCP,G.N.C.PERUANA
GOLO,COMERCIAL LA GOLOSINA E.I.R.L.
GOYE,HOSPITAL GOYENECHE
GPEC,GRUPECC
GRAF,GRAFICA PESQUERA S.A
GRUN,GRUNENTHAL
GRUP,GRUPO 4 DISTRIBUCIONES
GUIP,GUINEA (PROVEEDOR)
HACA,DISTRIBUIDORA HABABOD
HANA,HANAI SRL
HASB,HASBRO
HE,HERBALIFE PERU SRL
HER,HERSHEY FOODS CORPORATION
HERB,HERBALIFE PERU SRL
HILL,HILLINGDON INVESTMEN.DEL PERU
HOEP,HOECHET PERFUMERIA
HWE,HIGHWAY ENTERPRISE SRL.
IBER,FAB DE CHOCOLATES LA IBERICA S A
IGAR,IGARASHI-ASCENICO S.R.L.
IGUI,IGUIOSHI E.I.R.L.
IMAC,FARMACIA IMACULADA
IMDE,IMDELTA Y CORZO S.A.C.
IMG,IMPORTADORA GLOBAL MEDICAL SOCIEDAD ANON
IMPO,IMPORTACIONES SAN ANDRES S.A.
INER,INERIC FARMA S.R.L.
INKA,INRETAIL PHARMA S.A.
INKO,PEREZ PALOMINO VERONICA
INLI,INTERNATIONAL LIQUORS & F.D.S.
INMU,IMMUNOTEC PERU SAC
INRE,INREDI S.A.
INTE,INTERNATIONAL DISTRIBUTORS
INTI,INTISOL
IREN,INSTITU DE ENFERMEDADES NEOPLASICAS
ITAL,ITALO ESPA¥OLA DEL P.S.R.LTDA.
ITEJ,TEJADA BENAVIDES ELLIOT HERMES
J&J,DROGUERIA J & J E.I.R.L.
J&JQ,J.J. QUIROZ DISTRIBUCIONES
J&M,J&M ESPECIALIDAD FARMACEUTICA S.A.C.
JADI,JADIN IMPORT E.I.R.L.
JASS,JASS DISTRIBUCIONES SRL
JEKA,JEKA DISTRIBUCIONES
JENS,JENSA
JERO,FARMACIA SAN JERONIMO
JESU,TECNICA Y DESARROLLO E.I.R.L.
JESV,JESVEL S.A DISTRIBUIDOR
JEUN,JEUNESSE
JONE,JONEL
JORV,COMERCIAL JORVAL
JUNI,IMPORT & EXPORT MILUZ E.I.R.L.
JUST,SWISSJUST LATINOAMERICA S.A. SUCURSAL PE
K&L,K & L IMPORT-EXPORT S.R.L
K&S,K&S COMPANY S.R.L.
KAHA,DROGUERIA KAHAN S.A.
KAV,DROGERIA KAVA AQP S.A.C.
KERO,KEROS AQP EMPRESA INDIVIDUAL DE RESPONSA
KEZ,KEZER-LAB SOCIEDAD ANONIMA CERRADA - KEZ
KLFA,LEON PACORE KARINA ANGELICA
KLID,K-LIDAD DISTRIBUCIONES
KOLP,KOLPING
KOLY,COMERCIAL KOLYNOS
KOSM,DISTRIBUIDORA KOSMOS S.A.
KPI,KP INGENIERIA LOGISTICA PERU S.A.C.
KREA,KOLA REAL
KUNI,COMERCIAL KUNIYOSHI SRLTDA.
LABM,LAB MEDICAS S.A.C.
LABO,LABORETIC S.A.
LAFR,LAFRANCOL
LAGA,DISTRIBUIDORA LAGA S.R.L.
LAOF,LABORATORIOS OFTALMICOS
LAQU,LAQUIFAZA
LATI,LATINEX
LBF,LABOFTA S.A.C.
LENT,GUSTAVO LENTS
LGST,LOGISTICS ONE SOCIEDAD ANONIMA CERRADA
LIDA,DROGUERIA LID'AR S.A.
LIDF,QUISPE TINTAYA LIDIA MARY
LIFE,ECO LIFE S.A.C.
LILI,LINEA JUGUETES
LIMA,PROVEEDORES VARIOS
LM,LM DISTRIBUCIONES
LORE,LOREAL PERU S.A
LOUR,FARMACIA LOURDES
LPOR,LABORATORIOS PORTUGAL S.R.L
LUAN,LUANA DISTRIBUCIONES
LUCS,SAN ROMAN ORAMS DE VALENCIA LUCIA BEATRI
LUPA,LUPANE E.I.R.L
LUSA,LABORATORIOS UNIDOS S.A.
M&M,M&M-MARS
M.CS,M.C.SERVICE
MACC,DISTRIBUIDORA MACCUA S.R.LTDA.
MAES,MAESTRANI
MAG,MAGELLAN TRADING PERU S.A.C
MAGM,MAGMA
MAMD,MARTIN MEDICAL DISTRI S.A.C.
MARF,MARFAN
MATE,MATERIALES MEDICOS
MATT,MATELL DISTRIBUIDORA
MATY,MATTY IMPORT EIRL
MAUR,IMPORT.MAURICIO E.I.R.LTDA
MAVI,MASTER VISION E.I.R.L.
MED,MEDISCIENCE SAC
MEDC,CORPORACION MEDCO
MEDS,MEDSTYLE PERUANA S.A.C.
MEGA,MEGA
MEJI,MEJIA CLUB
METR,METROPOLITANA S.R.L.
MEVA,MEVA FARMA SAC
MFIT,MANUEL MESTAS HERNAN ELMER
MIFA,MIFARMA S.A.C.
MILE,MILENIUM PLUS S.A
MM,M & M PRODUCTOS MEDICOS Y FARMACEUTICOS 
MOLI,MOLITALIA S.A.
MON,MONTSSERRAT S.A.C
MONA,DEVOLUCIONES DE CLIENTES
MONS,SER.MED.ASOC.MONSERRAT
MPHA,DRUGSTORE M PHARMA S.A.C.
MTCH,TECHMED IMPORT S.A.C.
NABI,MORAN DISTRIBUCIONES NABISCO
NACE,NATURAL CENTER S.R.L DISTR.
NAOS,NAOS PERU S.A.C.
NATE,NATEL
NAVS,NAVSAT PERU SAC
NECS,NECSA NEGOCIOS CORPORTIVOS S.A
NEGE,NEGESAL E.I.R.L.
NEGS,NEGESAP E.I.R.L
NEOM,CORPORACION NEOMEDITEC PERU E.I.R.L.
NEST,NESTLE PERU S.A.
NEYR,NEYRA INVERSIONES E.I.R.LTDA.
NGL,NGL Y CIA. S.A IMPORT.DISTRIB.
NIME,NIMEXIN BUSINESS SAC
NINE,NINET
NOLO,INDUSTRIAS NOLOSTI
NORD,NORDIC NATURALS LATIN AMÉRICA (NNLA)
NORO,NORO S.A.
NORP,NORDIC PHARMACEUTICAL COMPANY S.A.C
NOVA,NOVARTIS
NOVO,NOVO Y HASBRO PERU IMPORT S.A.
NSIS,NEGOCIACIONES SERVICIOS E IMPRESOS SA
NUF,NUTRAFAR S.A.C.
NUSK,NU SKIN PERU SAC
NVMI,NOVEDADES MINKELLY E.I.R.L.
OMEG,OMEGA DISTRIBUIDORA S.A.
OMNI,OMNIUM IMPORT EXPORT S.R.LTDA.
OPTI,OPTIMA S.A
ORGO,ORTOPEDIA GOYENECHE
ORI,ORIANK S.A.C.
ORIO,ORION
ORME,V. ORME¥O E.I.R.L.
ORQU,ORLANDO QUINTANILLA DISTRIB.
ORT,URQUIZO ARZUBIALDE MARGARITA JULIETA
ORTO,ORTOPEDIA GLINSA S.A
OTCF,OTC FARMINDUSTRIA
PACO,INDUSTRIAS PACOCHA S.A.
PAL,PALMIRA DISTRIBUCIONES SAC
PALA,PALAO DRG. S.C.R.LTDA.
PALM,PALMYRA DISTRIBUCIONES S.A.C.
PAN3,PANORAMA F3
PAN4,PANORAMA
PANO,PANORAMA LINEA VARIADA
PANT,PANTO GROUP S.A.C
PATE,PATENTMODELL LINE BIGUTERIE
PAZ,FARMACIA LA PAZ
PB F,PB FARMA S.A.C.
PDIS,P & P DISMAT MEDIC E.I.R.L.
PECH,PECACHON
PEFA,PERUFARMA S A
PERG,PERUGEN LABORATORI0
PERI,PERIFARM S.A.C.
PERS,PERSONITAS S.R.L.
PERU,PERULAB S.A
PFIZ,PFIZER S.A.
PHSO,PHARMA SOLUTIONS SHOP S.A.C
PIER,CREACIONES PIERINA E.I.R.LTDA.
PLAC,PLACENTA LABORATORIOS E.I.R.L.
PLAS,PIEL & LASER S.R.L.
PORT,DROGUERIA PORTUGAL
PRAN,PRANA MEDIC S.A.C.
PRCF,PROCOMFA
PRDI,PRO DISTRIBUTION S.A.C.
PRIM,PRIME MEDICAL E.I.R.L
PROC,PROCONESA IMPORTADORA
PROD,PRODUCTOS NATURALES
PROE,PROMEFAR-PROD.MED.FAR. E.I.R.L
PROF,PROFARMA S.A.
PROM,PRODUCTOS MASIVOS S.A
PROS,PROSKIN PERU SOCIEDAD ANONIMA
PROT,CONSORCIO PROTON S.A.
PROV,PROVOCA S.A IMPORT.DISTRIB.
QCEL,QUICK CELULAR S.A.C.
QUAL,QUALIS PHARMA SAC
QUI,QUIBEL S.A.
QUIM,FP MAYORISTA S.A.C.
R.K.,R.K. COMERCIAL SA
RAGU,RAGU IMPORT & EXPORT S.R.L.
RAS,R. A. SUPPLY MEDICAL SOCIEDAD ANONIMA
RDER,REPRESENTACIONES DERMATOLOGICAS
RECA,REPRESENTACIONES CASTILLO SOCIEDAD ANONI
REFA,REPRESENTAC.FARMACEUT.REFASA
REGA,REGAL S.A.
REYE,DROGUERIA REYES S.A.
RGS,IMPORTACIONES RGYS EIRL.
RICK,RICKMANN S.A IMPORT.Y EXPORT.
RIFE,RIFESA S.A.-MIMO
RIMS,REPRESENTACIONES RIMSA S.R.L
ROBE,ROBEFO S.R.L.
ROBN,DISTRIBUIDORA  ROBENY EIRL
ROC,ROCSA
ROCO,L PROCONESA
ROCS,RICHARD O. CUSTER S.A.
ROD,RODRIGUEZ ARENAZA FIDEL ERNESTO
ROM,DISTRIBUCIONES Y SERVICIOS ROMA S.A.C.
ROPS,ROPSOHN LABORATORIOS LTDA.
ROSB,ROSBINA LOOFAH
ROSI,COMERCIAL ROSITA IMPORT.EXPORT
RRM,RR MEDICAL SOCIEDAD COMERCIAL DE RESPONS
RSPP,RSP PHARMA SRL.
S&P,BOTICAS S&P
SADA,SADAL DISTRIBUIDORA DE ALIMENT
SAJO,FARMACIA SANTA JORNET
SALA,DROG. DISTRIBUIDORA SALAZA S.A
SALD,DISTRIBUIDORA SALDIR E.I.R.L.
SALI,SALINAS DELSI F.STA.JUORNET
SALT,SALT
SANJ,DROGUERIA SAN JUAN S.A.
SANN,SISTEMAS DE ADMINISTRACION HOSPITALARIA 
SANP,GRUPO FARMACEUTICO SAN PEDRO SOCIEDAD AN
SANX,SANEXIM S.A.C
SAOP,FARMACIA SAO PAULO
SATY,SANTY DISTRIBUCIONESSCRL
SBEL,SPA BELLESTI S.A.C.
SCOS,SUR COSMA EIRL LTDA
SEGE,SERV. GENERALES DE VENTAS S.A.
SERS,BOTICA SERVIS
SERV,SERVAL
SIEL,CONTICORP S.A.C.
SJOS,DROGUERIA  SAN JOSE E.I. R. L
SKHE,SKINHEALTH AQP S.R.L.
SKIN,SKIN PRODUCTS
SKNC,SKINCENTERAQP E.I.R.L.
SKNS,SKINSCIENCE S.A.C.
SNF,SNF DISTRIBUCIONES
SOCI,SOCIEDAD FUTURA S.R.L.
SOLM,SOLMEDICA SOLUCIONES MEDICO ODONTOLOGICA
SOLP,SOLPIER DISTRIBUCIONES
SOPH,SOPHIA
SPC,MORMONTOY SONCCO OLIGARIO
SQUI,SQUIFARM S.C.R.LTDA.
SSAA,BIOCHIC E.I.R.L.
SSOM,SSOMA PHARMACEUTICA S.A.C.
STAH,EDMUNDO STAHL & CIA S.A.
STOR,FARMACIA SANTO REMEDIO
SUMA,SUMACC S.A DISTRIBUCINES
SUMI,SUMINISTRO INTERNACIONAL
SUNR,SUNRISE INTERNATIONAL LABS
SUP,SUPERDENT
SUPE,FARMACIA SUPER ECONIMICA
SURF,SURFARMA
SYP,S & P TOVAR DISTRIBUCIONES S.A.C.
TAGL,REPRESENT.TAGLE E HIJOS EIRL
TAIL,TAI LOY S.A IMPORTAFORES
TECA,TELECARD
TECM,TECNOLOGIAS MEDICAS AREQUIPA S.A.
TECN,TECNOFARMA S.A.
TECS,TECNICA SOCIEDAD ANONIMA CERRADA
TELE,TELEFONICA DEL PERU
TIM,TIM PERU S.A.C
TOPI,TOP IMPORT S.R. LTDA.
TOTT,HIPERMERCADOS TOTTUS S.A
TREV,TREVI S.A IMPORTADORA
TRIF,TRIFARMA
TRU,TRUSTLAB SOCIEDAD ANONIMA CERRADA
TSD,TSD DISTRIBUCIONES SAC
UN C,UNIVERSIDAD CATOLICA STA MARIA
UNIC,UNICA DEL PERU S.A.
UNIF,UNIFAR SAC
UNIN,UNINSA S.R.LTDA.
UNIO,REPRESENTACIONES UNION S.R.L
UNIQ,INDUSTRIAS UNIQUIMICA S.R.L
UNQU,UNIQUE DISTRIBUIDORA
URCO,URCONSA S.R.LTDA.
URSU,SANTA URSULA SERVICIOS DE SALUD E.I.R.L.
USA,ESTADO UNIDOS DE AMERICA
VAME,VAMEDSUR 
VAN,VANBRIL GROUP CORPORATION S.A.C.
VARI,PROVEEDORES QUE NO DAN FACTURA
VEA,PLAZA VEA - COMPAÑIA FOOD RETAIL S.A.C
VEL,VELASQUEZ VILLALTA PERCY DAMIAN
VERD,INVERSIONES Y DISTRIBUIDORA VERDI S.A.C.
VICS,VICSIL DISTRIBUCIONES LTDA.
VIRA,VIRAGO L & S S.A.C.
VIRU,VIRUS MAN ANTISEPTICOS EIRL
VISA,VISALDI E.I.R.L. DISTRIBUIDOR
VITL,INVERSIONES VITA LEX E.I.R.L.
VITP,VITA (PROVEEDOR)
VO5,ALBERTO VO5
VOGU,JOLIET DE VOGUE IMPORT EXPORT
WALK,IMPORTACIONES WALIKI S.R.L.
WARA,WARA
WELP,WELLNESS PHARMA S.A.C
WILL,WILLY RICARDOS E.I.R.L.
WIMP,DISTRIBUIDORA WIMPY SRL.
WINP,DISTRIBUIDORA WINPY SRL.
WONG,COMERCIALIZADORA WONG
WOSA,COWSA CENTRO ORTOPED.WONG
WYET,WYETH
XIA,XIAMEN ANT-  BRO TECHNOLOGY
XIME,XIMENA DEL CARPIO P. DRISTR.
YAMB,YAMBORY
YANB,YANBAL DISTRIBUIDORA
YORK,YORK PERU S.A.
ZEFA,ZEFARMA
ZILI,ZILICOM
ZOTA,ZOTAC
ZOTI,ZOTAC AREQUIPA
ZZZZ,POR CLASIFICAR
